user_id,name,email,created_at
1,Lucas Johnson,lucas.johnson1@example.com,2025-11-14T20:54:35
2,Liam Brown,liam.brown2@example.com,2025-09-17T03:11:29
3,Lucas Rodriguez,lucas.rodriguez3@example.com,2025-10-13T09:25:26
4,Ava Smith,ava.smith4@example.com,2025-11-12T03:30:43
5,Liam Brown,liam.brown5@example.com,2025-03-13T09:00:16
6,Sarah Rodriguez,sarah.rodriguez6@example.com,2025-08-17T07:15:42
7,Isabella Rodriguez,isabella.rodriguez7@example.com,2025-04-26T22:53:50
8,Sophia Martinez,sophia.martinez8@example.com,2025-07-08T06:41:12
9,Emma Miller,emma.miller9@example.com,2025-06-05T20:48:22
10,Emma Brown,emma.brown10@example.com,2025-06-08T03:12:07
11,John Miller,john.miller11@example.com,2025-10-08T17:51:11
12,Noah Martinez,noah.martinez12@example.com,2025-07-15T05:20:28
13,Isabella Davis,isabella.davis13@example.com,2025-02-26T02:22:42
14,Ava Johnson,ava.johnson14@example.com,2025-02-17T20:14:56
15,Lucas Martinez,lucas.martinez15@example.com,2025-05-25T09:54:09
16,Liam Johnson,liam.johnson16@example.com,2025-11-03T22:37:32
17,Olivia Johnson,olivia.johnson17@example.com,2025-07-31T03:14:45
18,Ava Jones,ava.jones18@example.com,2025-04-08T07:46:43
19,Noah Williams,noah.williams19@example.com,2025-05-21T17:59:17
20,Liam Jones,liam.jones20@example.com,2024-12-02T07:19:44
21,John Martinez,john.martinez21@example.com,2025-01-06T00:41:32
22,Ethan Brown,ethan.brown22@example.com,2025-09-04T14:05:34
23,Ava Jones,ava.jones23@example.com,2025-01-03T10:38:43
24,Liam Garcia,liam.garcia24@example.com,2025-10-29T22:35:02
25,Sarah Garcia,sarah.garcia25@example.com,2025-05-05T21:10:30
26,John Brown,john.brown26@example.com,2025-02-09T19:27:58
27,Liam Davis,liam.davis27@example.com,2025-05-08T07:31:04
28,Sophia Williams,sophia.williams28@example.com,2025-07-15T01:50:22
29,Liam Rodriguez,liam.rodriguez29@example.com,2025-02-24T21:21:25
30,Isabella Martinez,isabella.martinez30@example.com,2025-04-21T09:40:39
31,Ava Garcia,ava.garcia31@example.com,2025-08-07T01:53:12
32,Ethan Davis,ethan.davis32@example.com,2025-10-12T05:12:28
33,John Williams,john.williams33@example.com,2025-01-10T01:05:54
34,Lucas Miller,lucas.miller34@example.com,2025-01-26T04:36:37
35,Ava Miller,ava.miller35@example.com,2025-01-25T13:52:55
36,Ethan Jones,ethan.jones36@example.com,2025-02-17T06:30:19
37,Lucas Johnson,lucas.johnson37@example.com,2024-12-12T11:22:22
38,Olivia Garcia,olivia.garcia38@example.com,2025-09-30T20:14:14
39,Ava Williams,ava.williams39@example.com,2025-04-09T06:48:18
40,Isabella Jones,isabella.jones40@example.com,2025-03-16T00:25:07
41,Ethan Johnson,ethan.johnson41@example.com,2025-01-10T20:03:26
42,Lucas Rodriguez,lucas.rodriguez42@example.com,2025-01-19T23:40:52
43,Emma Garcia,emma.garcia43@example.com,2025-09-05T11:17:06
44,Ethan Smith,ethan.smith44@example.com,2025-01-24T19:07:16
45,Sophia Smith,sophia.smith45@example.com,2025-09-30T17:42:27
46,Olivia Brown,olivia.brown46@example.com,2025-10-28T22:09:12
47,Mia Johnson,mia.johnson47@example.com,2025-10-14T13:13:44
48,John Rodriguez,john.rodriguez48@example.com,2025-09-24T02:14:55
49,Lucas Davis,lucas.davis49@example.com,2025-02-19T00:54:40
50,Olivia Rodriguez,olivia.rodriguez50@example.com,2025-01-20T15:31:02
51,Liam Rodriguez,liam.rodriguez51@example.com,2024-12-08T23:35:58
52,Isabella Jones,isabella.jones52@example.com,2025-05-06T07:15:43
53,Noah Davis,noah.davis53@example.com,2025-03-07T14:29:06
54,John Brown,john.brown54@example.com,2025-08-04T04:35:31
55,Noah Smith,noah.smith55@example.com,2025-01-29T10:45:20
56,Liam Martinez,liam.martinez56@example.com,2025-08-07T06:39:41
57,John Smith,john.smith57@example.com,2025-08-02T04:28:09
58,Sarah Garcia,sarah.garcia58@example.com,2025-10-21T12:12:12
59,Liam Jones,liam.jones59@example.com,2024-12-19T13:14:59
60,Liam Rodriguez,liam.rodriguez60@example.com,2025-09-20T10:07:56
61,Mia Davis,mia.davis61@example.com,2025-07-25T13:42:10
62,Ava Brown,ava.brown62@example.com,2025-10-10T03:23:39
63,Lucas Miller,lucas.miller63@example.com,2025-05-29T15:30:04
64,Ava Davis,ava.davis64@example.com,2025-10-30T07:07:54
65,Lucas Johnson,lucas.johnson65@example.com,2025-10-26T16:15:51
66,Isabella Garcia,isabella.garcia66@example.com,2025-10-02T21:52:12
67,Liam Brown,liam.brown67@example.com,2025-02-25T14:35:23
68,Emma Miller,emma.miller68@example.com,2025-08-25T20:46:54
69,Sophia Brown,sophia.brown69@example.com,2025-10-19T14:47:21
70,Ethan Johnson,ethan.johnson70@example.com,2025-11-01T07:10:46
71,Ethan Smith,ethan.smith71@example.com,2025-10-10T22:19:01
72,Emma Miller,emma.miller72@example.com,2025-03-23T13:23:51
73,Liam Miller,liam.miller73@example.com,2025-10-28T00:55:44
74,Ava Smith,ava.smith74@example.com,2025-05-11T21:16:03
75,Sophia Jones,sophia.jones75@example.com,2025-04-24T10:41:18
76,Lucas Davis,lucas.davis76@example.com,2025-09-09T00:00:33
77,Olivia Brown,olivia.brown77@example.com,2025-10-28T09:50:09
78,Isabella Rodriguez,isabella.rodriguez78@example.com,2025-10-26T19:30:19
79,Sarah Smith,sarah.smith79@example.com,2025-01-31T13:33:50
80,Ethan Rodriguez,ethan.rodriguez80@example.com,2025-09-08T04:51:08
81,Ethan Johnson,ethan.johnson81@example.com,2025-08-24T04:25:42
82,Mia Johnson,mia.johnson82@example.com,2024-12-16T22:21:35
83,Ava Johnson,ava.johnson83@example.com,2025-02-08T21:57:32
84,Mia Martinez,mia.martinez84@example.com,2025-11-06T08:22:20
85,John Miller,john.miller85@example.com,2024-12-25T09:40:20
86,Mia Rodriguez,mia.rodriguez86@example.com,2025-06-18T21:25:44
87,Liam Garcia,liam.garcia87@example.com,2025-07-27T21:15:09
88,Ava Williams,ava.williams88@example.com,2024-12-18T07:25:16
89,Olivia Davis,olivia.davis89@example.com,2025-06-19T04:16:55
90,Sarah Davis,sarah.davis90@example.com,2025-01-12T10:25:31
91,John Johnson,john.johnson91@example.com,2025-02-24T23:09:45
92,Ethan Jones,ethan.jones92@example.com,2025-09-20T18:12:58
93,John Brown,john.brown93@example.com,2025-05-21T20:32:50
94,Emma Davis,emma.davis94@example.com,2025-02-21T19:54:32
95,Mia Rodriguez,mia.rodriguez95@example.com,2025-11-22T10:43:51
96,Olivia Johnson,olivia.johnson96@example.com,2025-09-19T21:17:39
97,John Johnson,john.johnson97@example.com,2025-02-17T01:15:49
98,Olivia Jones,olivia.jones98@example.com,2025-01-21T23:15:16
99,Isabella Garcia,isabella.garcia99@example.com,2025-08-14T07:49:53
100,Olivia Rodriguez,olivia.rodriguez100@example.com,2025-03-21T21:46:49
101,Sarah Johnson,sarah.johnson101@example.com,2025-01-06T15:30:05
102,Olivia Smith,olivia.smith102@example.com,2025-11-25T18:46:44
103,Emma Jones,emma.jones103@example.com,2025-09-05T14:50:11
104,Ethan Miller,ethan.miller104@example.com,2025-02-13T06:34:16
105,John Johnson,john.johnson105@example.com,2024-12-09T01:29:47
106,Ethan Smith,ethan.smith106@example.com,2025-05-21T09:42:53
107,Ethan Williams,ethan.williams107@example.com,2025-04-21T02:16:59
108,Sarah Jones,sarah.jones108@example.com,2025-05-25T05:28:14
109,Noah Brown,noah.brown109@example.com,2024-12-12T21:50:17
110,Lucas Johnson,lucas.johnson110@example.com,2025-05-29T10:32:18
111,Ava Martinez,ava.martinez111@example.com,2025-09-08T22:18:14
112,Emma Williams,emma.williams112@example.com,2025-04-30T06:01:15
113,Emma Garcia,emma.garcia113@example.com,2025-04-30T21:53:16
114,Olivia Williams,olivia.williams114@example.com,2024-12-03T02:59:15
115,Ava Smith,ava.smith115@example.com,2025-03-31T22:49:29
116,Liam Davis,liam.davis116@example.com,2025-05-31T19:48:42
117,Liam Brown,liam.brown117@example.com,2025-11-14T23:53:30
118,Ava Garcia,ava.garcia118@example.com,2025-07-08T04:23:44
119,Olivia Garcia,olivia.garcia119@example.com,2025-01-02T12:22:35
120,Ava Rodriguez,ava.rodriguez120@example.com,2025-06-11T05:55:06
121,John Jones,john.jones121@example.com,2025-08-27T09:47:04
122,Olivia Smith,olivia.smith122@example.com,2025-10-02T09:12:10
123,Ava Garcia,ava.garcia123@example.com,2025-06-19T15:02:04
124,Mia Rodriguez,mia.rodriguez124@example.com,2025-09-28T16:53:55
125,Mia Brown,mia.brown125@example.com,2025-07-20T05:18:26
126,Isabella Miller,isabella.miller126@example.com,2025-11-26T11:59:37
127,Ethan Brown,ethan.brown127@example.com,2025-05-24T15:13:12
128,John Garcia,john.garcia128@example.com,2025-01-11T19:29:38
129,Lucas Johnson,lucas.johnson129@example.com,2025-06-26T12:27:34
130,Olivia Miller,olivia.miller130@example.com,2025-06-12T16:16:20
131,Isabella Jones,isabella.jones131@example.com,2025-02-17T02:17:20
132,Liam Miller,liam.miller132@example.com,2024-12-21T17:07:08
133,Lucas Williams,lucas.williams133@example.com,2025-01-15T10:12:10
134,Olivia Miller,olivia.miller134@example.com,2025-02-20T06:54:30
135,Olivia Jones,olivia.jones135@example.com,2025-08-11T15:16:17
136,Mia Martinez,mia.martinez136@example.com,2024-12-26T19:11:26
137,Sophia Davis,sophia.davis137@example.com,2025-04-14T23:08:33
138,Ethan Davis,ethan.davis138@example.com,2025-09-01T06:56:07
139,John Jones,john.jones139@example.com,2025-03-08T07:52:43
140,Mia Garcia,mia.garcia140@example.com,2025-10-10T22:22:19
141,Lucas Jones,lucas.jones141@example.com,2025-08-03T23:40:23
142,Emma Smith,emma.smith142@example.com,2025-11-03T22:00:31
143,Sophia Martinez,sophia.martinez143@example.com,2025-10-20T14:20:31
144,Ava Martinez,ava.martinez144@example.com,2025-08-19T16:56:35
145,Sophia Miller,sophia.miller145@example.com,2025-07-26T01:33:01
146,Lucas Smith,lucas.smith146@example.com,2025-10-03T15:26:39
147,Liam Williams,liam.williams147@example.com,2024-12-05T12:03:54
148,Sophia Smith,sophia.smith148@example.com,2025-02-14T21:51:01
149,John Davis,john.davis149@example.com,2025-09-19T14:00:22
150,Lucas Rodriguez,lucas.rodriguez150@example.com,2025-02-13T09:14:36
151,Noah Davis,noah.davis151@example.com,2025-01-17T12:32:41
152,Ava Rodriguez,ava.rodriguez152@example.com,2025-04-13T01:07:42
153,Isabella Davis,isabella.davis153@example.com,2025-04-10T21:29:11
154,Liam Jones,liam.jones154@example.com,2025-03-05T13:16:46
155,Lucas Brown,lucas.brown155@example.com,2025-07-09T14:54:29
156,John Jones,john.jones156@example.com,2025-07-29T21:01:49
157,Noah Garcia,noah.garcia157@example.com,2025-02-24T03:59:22
158,Emma Williams,emma.williams158@example.com,2025-07-31T16:58:38
159,Isabella Williams,isabella.williams159@example.com,2024-11-30T23:08:00
160,John Miller,john.miller160@example.com,2025-05-02T18:52:34
161,Ethan Davis,ethan.davis161@example.com,2025-04-29T04:39:22
162,Liam Miller,liam.miller162@example.com,2025-05-11T09:39:27
163,Isabella Smith,isabella.smith163@example.com,2025-02-05T17:04:26
164,Sophia Smith,sophia.smith164@example.com,2025-05-30T20:03:04
165,Ava Miller,ava.miller165@example.com,2025-02-24T11:02:21
166,Mia Brown,mia.brown166@example.com,2025-03-22T22:56:03
167,Olivia Miller,olivia.miller167@example.com,2025-03-24T05:51:59
168,Ava Garcia,ava.garcia168@example.com,2024-12-19T16:12:09
169,Isabella Williams,isabella.williams169@example.com,2025-04-02T02:16:35
170,Mia Rodriguez,mia.rodriguez170@example.com,2025-11-13T16:34:38
171,Mia Martinez,mia.martinez171@example.com,2024-12-23T05:56:11
172,John Miller,john.miller172@example.com,2025-09-18T14:06:48
173,Emma Smith,emma.smith173@example.com,2025-07-16T17:07:14
174,Noah Brown,noah.brown174@example.com,2025-04-08T19:01:23
175,Noah Miller,noah.miller175@example.com,2025-07-07T15:34:28
176,Olivia Johnson,olivia.johnson176@example.com,2025-04-01T06:13:03
177,Isabella Rodriguez,isabella.rodriguez177@example.com,2025-10-31T18:10:53
178,Liam Johnson,liam.johnson178@example.com,2024-12-29T05:27:27
179,Sarah Brown,sarah.brown179@example.com,2025-08-17T06:10:52
180,Mia Williams,mia.williams180@example.com,2025-07-28T02:19:39
181,Sophia Johnson,sophia.johnson181@example.com,2025-02-11T22:59:14
182,Sophia Jones,sophia.jones182@example.com,2025-05-23T00:48:51
183,Mia Martinez,mia.martinez183@example.com,2025-09-30T00:57:38
184,Olivia Johnson,olivia.johnson184@example.com,2025-02-04T05:59:18
185,Olivia Martinez,olivia.martinez185@example.com,2024-12-15T17:15:31
186,Ava Brown,ava.brown186@example.com,2025-10-19T09:21:56
187,Isabella Brown,isabella.brown187@example.com,2025-10-05T19:56:34
188,Lucas Martinez,lucas.martinez188@example.com,2025-09-26T10:19:06
189,Sarah Garcia,sarah.garcia189@example.com,2025-02-27T15:19:35
190,Lucas Garcia,lucas.garcia190@example.com,2025-10-22T12:30:06
191,Lucas Garcia,lucas.garcia191@example.com,2025-11-20T15:37:46
192,Sophia Johnson,sophia.johnson192@example.com,2025-04-19T17:44:11
193,Lucas Davis,lucas.davis193@example.com,2024-11-30T01:21:11
194,Ava Williams,ava.williams194@example.com,2025-03-04T07:14:27
195,Olivia Martinez,olivia.martinez195@example.com,2025-02-24T13:19:11
196,Sophia Miller,sophia.miller196@example.com,2025-01-27T21:09:04
197,Noah Brown,noah.brown197@example.com,2025-10-13T20:46:04
198,Sophia Brown,sophia.brown198@example.com,2025-04-03T10:10:32
199,Mia Miller,mia.miller199@example.com,2025-06-08T05:52:42
200,Sophia Garcia,sophia.garcia200@example.com,2025-08-25T13:10:19
201,Liam Garcia,liam.garcia201@example.com,2025-07-17T18:31:55
202,Olivia Martinez,olivia.martinez202@example.com,2024-12-02T20:51:52
203,Ethan Smith,ethan.smith203@example.com,2025-03-07T23:58:01
204,John Brown,john.brown204@example.com,2025-05-02T13:08:05
205,Ethan Brown,ethan.brown205@example.com,2024-12-08T13:35:21
206,Lucas Davis,lucas.davis206@example.com,2025-04-12T06:17:43
207,John Jones,john.jones207@example.com,2025-08-05T16:11:58
208,Isabella Brown,isabella.brown208@example.com,2025-06-23T09:44:58
209,Noah Davis,noah.davis209@example.com,2025-02-16T11:35:35
210,Noah Miller,noah.miller210@example.com,2025-02-18T18:52:46
211,Noah Davis,noah.davis211@example.com,2025-07-11T19:45:34
212,Olivia Brown,olivia.brown212@example.com,2025-09-26T23:54:41
213,Noah Johnson,noah.johnson213@example.com,2025-02-26T00:10:56
214,Liam Brown,liam.brown214@example.com,2025-03-24T20:51:22
215,Isabella Martinez,isabella.martinez215@example.com,2025-03-03T09:11:41
216,Olivia Johnson,olivia.johnson216@example.com,2025-08-19T20:08:14
217,Liam Garcia,liam.garcia217@example.com,2025-08-27T19:55:05
218,Sarah Rodriguez,sarah.rodriguez218@example.com,2025-09-23T20:56:09
219,Sarah Smith,sarah.smith219@example.com,2025-02-16T20:17:13
220,Isabella Williams,isabella.williams220@example.com,2025-01-04T13:03:03
221,John Smith,john.smith221@example.com,2025-02-06T20:34:15
222,Sophia Davis,sophia.davis222@example.com,2025-04-15T18:31:06
223,Emma Smith,emma.smith223@example.com,2025-07-20T13:31:47
224,John Johnson,john.johnson224@example.com,2025-05-05T13:01:09
225,John Martinez,john.martinez225@example.com,2025-01-09T04:58:17
226,Emma Williams,emma.williams226@example.com,2025-02-11T19:51:39
227,John Brown,john.brown227@example.com,2025-09-27T10:36:16
228,Ava Martinez,ava.martinez228@example.com,2025-01-25T08:24:26
229,Liam Rodriguez,liam.rodriguez229@example.com,2025-05-16T14:31:14
230,Sophia Jones,sophia.jones230@example.com,2025-01-29T15:18:36
231,Olivia Martinez,olivia.martinez231@example.com,2025-01-14T04:43:49
232,Mia Johnson,mia.johnson232@example.com,2025-08-12T08:08:56
233,Liam Jones,liam.jones233@example.com,2024-12-24T03:58:02
234,Emma Brown,emma.brown234@example.com,2025-08-30T10:49:33
235,John Williams,john.williams235@example.com,2025-11-25T16:02:58
236,Sophia Martinez,sophia.martinez236@example.com,2025-03-31T20:19:08
237,Sarah Brown,sarah.brown237@example.com,2025-07-02T20:37:47
238,Isabella Davis,isabella.davis238@example.com,2025-10-21T22:25:28
239,Olivia Martinez,olivia.martinez239@example.com,2024-12-23T23:43:15
240,Ava Johnson,ava.johnson240@example.com,2025-02-21T22:44:17
241,Lucas Williams,lucas.williams241@example.com,2025-07-14T01:44:40
242,John Smith,john.smith242@example.com,2025-09-03T19:43:24
243,Mia Martinez,mia.martinez243@example.com,2025-07-02T14:56:03
244,John Davis,john.davis244@example.com,2024-12-09T19:51:06
245,Isabella Miller,isabella.miller245@example.com,2025-07-10T12:42:06
246,Ethan Davis,ethan.davis246@example.com,2025-04-17T03:59:40
247,Mia Smith,mia.smith247@example.com,2025-04-19T19:11:16
248,Mia Jones,mia.jones248@example.com,2025-11-14T03:35:53
249,Liam Martinez,liam.martinez249@example.com,2025-01-31T06:10:04
250,Lucas Jones,lucas.jones250@example.com,2025-02-05T05:27:30
251,Emma Davis,emma.davis251@example.com,2025-03-06T07:12:09
252,Sophia Jones,sophia.jones252@example.com,2025-08-26T09:36:43
253,Ava Davis,ava.davis253@example.com,2025-10-11T13:48:38
254,Noah Miller,noah.miller254@example.com,2025-06-09T19:14:02
255,Lucas Johnson,lucas.johnson255@example.com,2025-09-05T18:54:55
256,Ava Davis,ava.davis256@example.com,2025-07-02T16:20:35
257,Ethan Smith,ethan.smith257@example.com,2025-04-09T03:43:01
258,Noah Jones,noah.jones258@example.com,2025-06-15T02:42:09
259,Ava Rodriguez,ava.rodriguez259@example.com,2025-11-26T06:58:43
260,Ethan Davis,ethan.davis260@example.com,2025-04-30T04:56:59
261,Liam Rodriguez,liam.rodriguez261@example.com,2025-05-25T08:15:14
262,Sophia Davis,sophia.davis262@example.com,2025-10-31T23:30:43
263,Olivia Rodriguez,olivia.rodriguez263@example.com,2025-09-20T20:26:11
264,Sophia Davis,sophia.davis264@example.com,2025-09-26T05:52:20
265,Lucas Martinez,lucas.martinez265@example.com,2025-07-28T01:09:25
266,Olivia Rodriguez,olivia.rodriguez266@example.com,2025-11-19T10:48:59
267,Ava Johnson,ava.johnson267@example.com,2025-08-04T02:47:32
268,Sophia Johnson,sophia.johnson268@example.com,2024-12-31T01:19:02
269,Sophia Jones,sophia.jones269@example.com,2025-03-11T20:58:05
270,Ava Davis,ava.davis270@example.com,2025-03-30T22:02:57
271,Sophia Rodriguez,sophia.rodriguez271@example.com,2025-09-13T16:57:26
272,Liam Martinez,liam.martinez272@example.com,2025-03-12T01:57:11
273,John Jones,john.jones273@example.com,2025-04-28T18:32:55
274,Ethan Jones,ethan.jones274@example.com,2025-11-25T20:37:31
275,Isabella Jones,isabella.jones275@example.com,2025-01-30T09:48:32
276,Lucas Davis,lucas.davis276@example.com,2025-09-11T14:39:54
277,Ethan Davis,ethan.davis277@example.com,2025-06-03T18:49:10
278,Ethan Rodriguez,ethan.rodriguez278@example.com,2025-05-17T14:20:41
279,Noah Brown,noah.brown279@example.com,2024-12-04T22:13:43
280,Mia Miller,mia.miller280@example.com,2025-07-30T15:58:02
281,Sarah Garcia,sarah.garcia281@example.com,2025-03-29T17:02:35
282,Ava Williams,ava.williams282@example.com,2025-03-19T05:34:31
283,Emma Rodriguez,emma.rodriguez283@example.com,2025-01-28T18:50:08
284,John Davis,john.davis284@example.com,2025-10-06T11:46:26
285,Sophia Smith,sophia.smith285@example.com,2025-09-14T15:59:47
286,Lucas Williams,lucas.williams286@example.com,2025-10-19T13:49:46
287,Olivia Garcia,olivia.garcia287@example.com,2025-01-11T16:27:05
288,Lucas Johnson,lucas.johnson288@example.com,2025-06-11T11:29:41
289,Ava Garcia,ava.garcia289@example.com,2025-01-10T13:09:27
290,Ethan Smith,ethan.smith290@example.com,2025-01-15T04:25:55
291,Liam Jones,liam.jones291@example.com,2025-08-03T03:37:57
292,Ava Johnson,ava.johnson292@example.com,2025-01-07T03:15:50
293,Sophia Williams,sophia.williams293@example.com,2024-12-06T20:01:12
294,Sarah Smith,sarah.smith294@example.com,2025-06-14T04:52:48
295,Olivia Garcia,olivia.garcia295@example.com,2025-05-19T15:14:33
296,Emma Brown,emma.brown296@example.com,2025-02-28T15:55:15
297,Mia Williams,mia.williams297@example.com,2025-09-01T00:32:57
298,John Martinez,john.martinez298@example.com,2025-05-15T08:21:37
299,Lucas Brown,lucas.brown299@example.com,2025-03-17T09:41:28
300,Emma Brown,emma.brown300@example.com,2025-04-04T07:41:52
301,Olivia Davis,olivia.davis301@example.com,2025-07-20T06:34:52
302,Sophia Jones,sophia.jones302@example.com,2024-12-15T11:01:20
303,Emma Johnson,emma.johnson303@example.com,2025-04-14T18:20:30
304,Mia Jones,mia.jones304@example.com,2025-01-03T15:28:28
305,Isabella Jones,isabella.jones305@example.com,2025-04-07T19:55:24
306,Liam Miller,liam.miller306@example.com,2025-03-25T03:02:24
307,Liam Miller,liam.miller307@example.com,2025-02-07T17:51:14
308,Mia Jones,mia.jones308@example.com,2024-12-03T20:10:27
309,Sarah Miller,sarah.miller309@example.com,2025-07-10T06:37:42
310,Mia Smith,mia.smith310@example.com,2025-01-20T12:50:16
311,Olivia Brown,olivia.brown311@example.com,2025-01-20T18:05:44
312,Liam Brown,liam.brown312@example.com,2025-01-13T21:47:53
313,Lucas Williams,lucas.williams313@example.com,2025-01-10T03:23:08
314,Lucas Smith,lucas.smith314@example.com,2025-06-21T14:52:24
315,Sarah Martinez,sarah.martinez315@example.com,2025-05-25T02:08:19
316,John Jones,john.jones316@example.com,2025-06-12T15:47:43
317,Emma Brown,emma.brown317@example.com,2025-09-20T11:17:02
318,Noah Rodriguez,noah.rodriguez318@example.com,2025-03-15T21:00:03
319,Emma Jones,emma.jones319@example.com,2025-03-25T20:10:39
320,Isabella Garcia,isabella.garcia320@example.com,2025-09-29T13:52:18
321,John Williams,john.williams321@example.com,2025-08-03T16:27:14
322,Ethan Garcia,ethan.garcia322@example.com,2025-10-11T16:33:26
323,Sarah Jones,sarah.jones323@example.com,2025-02-26T02:25:24
324,Sophia Garcia,sophia.garcia324@example.com,2024-12-17T21:22:41
325,Mia Miller,mia.miller325@example.com,2025-01-04T17:23:54
326,John Brown,john.brown326@example.com,2025-03-31T06:00:43
327,Mia Rodriguez,mia.rodriguez327@example.com,2025-06-12T08:42:39
328,Liam Johnson,liam.johnson328@example.com,2025-01-05T14:01:11
329,Isabella Jones,isabella.jones329@example.com,2024-12-29T16:03:27
330,John Williams,john.williams330@example.com,2025-11-04T05:34:06
331,Olivia Davis,olivia.davis331@example.com,2025-09-29T03:23:04
332,Liam Rodriguez,liam.rodriguez332@example.com,2025-09-18T16:46:23
333,Sophia Garcia,sophia.garcia333@example.com,2024-12-18T11:15:19
334,Ava Martinez,ava.martinez334@example.com,2025-09-08T15:49:04
335,Lucas Johnson,lucas.johnson335@example.com,2025-03-21T08:30:29
336,Ava Jones,ava.jones336@example.com,2025-11-10T17:25:57
337,Liam Davis,liam.davis337@example.com,2025-04-13T22:19:36
338,Noah Johnson,noah.johnson338@example.com,2024-12-10T17:32:56
339,Ethan Garcia,ethan.garcia339@example.com,2025-10-26T16:25:39
340,Olivia Brown,olivia.brown340@example.com,2025-09-25T14:22:03
341,John Brown,john.brown341@example.com,2025-01-02T07:38:24
342,Mia Smith,mia.smith342@example.com,2025-11-01T18:46:50
343,Liam Williams,liam.williams343@example.com,2025-02-10T23:27:07
344,John Rodriguez,john.rodriguez344@example.com,2025-08-12T09:34:25
345,Liam Brown,liam.brown345@example.com,2025-06-12T01:33:03
346,Mia Smith,mia.smith346@example.com,2025-07-09T01:39:19
347,Emma Rodriguez,emma.rodriguez347@example.com,2025-07-22T00:34:12
348,John Smith,john.smith348@example.com,2025-09-21T06:22:56
349,Noah Brown,noah.brown349@example.com,2025-01-29T19:08:06
350,Sarah Williams,sarah.williams350@example.com,2025-07-15T05:00:55
351,Emma Miller,emma.miller351@example.com,2025-03-03T02:47:07
352,Isabella Johnson,isabella.johnson352@example.com,2025-03-28T14:36:07
353,Noah Rodriguez,noah.rodriguez353@example.com,2025-01-28T02:57:10
354,Sophia Rodriguez,sophia.rodriguez354@example.com,2025-08-05T08:31:40
355,Sarah Rodriguez,sarah.rodriguez355@example.com,2025-06-25T14:14:47
356,Lucas Smith,lucas.smith356@example.com,2025-10-26T13:29:02
357,Ava Miller,ava.miller357@example.com,2024-12-11T02:59:33
358,Sophia Davis,sophia.davis358@example.com,2025-10-21T03:58:54
359,Noah Martinez,noah.martinez359@example.com,2025-09-13T04:31:54
360,Emma Jones,emma.jones360@example.com,2025-01-11T07:52:25
361,Mia Rodriguez,mia.rodriguez361@example.com,2024-11-27T19:05:01
362,Ava Martinez,ava.martinez362@example.com,2025-02-28T20:11:11
363,Sophia Rodriguez,sophia.rodriguez363@example.com,2025-01-21T15:15:36
364,John Johnson,john.johnson364@example.com,2024-12-26T07:13:27
365,Ethan Brown,ethan.brown365@example.com,2025-04-20T14:28:57
366,Liam Miller,liam.miller366@example.com,2025-06-06T14:24:42
367,Ava Miller,ava.miller367@example.com,2025-10-09T19:32:37
368,Ava Garcia,ava.garcia368@example.com,2024-12-21T21:38:35
369,Noah Williams,noah.williams369@example.com,2024-12-10T13:39:20
370,John Johnson,john.johnson370@example.com,2025-10-15T03:31:44
371,Ava Johnson,ava.johnson371@example.com,2025-05-21T02:11:09
372,Ethan Smith,ethan.smith372@example.com,2025-01-30T10:28:35
373,Ethan Garcia,ethan.garcia373@example.com,2024-12-19T02:28:22
374,Ava Garcia,ava.garcia374@example.com,2024-12-21T15:31:28
375,Isabella Smith,isabella.smith375@example.com,2025-07-02T09:03:47
376,Olivia Garcia,olivia.garcia376@example.com,2025-10-04T09:52:55
377,Ethan Brown,ethan.brown377@example.com,2025-09-08T07:00:44
378,Sophia Brown,sophia.brown378@example.com,2025-10-02T18:10:33
379,Ethan Garcia,ethan.garcia379@example.com,2025-09-29T20:46:51
380,Mia Brown,mia.brown380@example.com,2025-04-21T10:29:57
381,Mia Martinez,mia.martinez381@example.com,2024-12-16T07:31:24
382,Ethan Smith,ethan.smith382@example.com,2025-01-19T06:58:20
383,Isabella Jones,isabella.jones383@example.com,2025-11-13T00:21:16
384,Olivia Jones,olivia.jones384@example.com,2025-06-06T18:08:34
385,Sarah Williams,sarah.williams385@example.com,2025-09-14T10:18:15
386,Lucas Miller,lucas.miller386@example.com,2025-10-23T01:45:28
387,Isabella Smith,isabella.smith387@example.com,2025-10-11T11:36:32
388,Liam Miller,liam.miller388@example.com,2025-04-26T14:24:23
389,Noah Williams,noah.williams389@example.com,2025-05-21T19:34:37
390,Isabella Garcia,isabella.garcia390@example.com,2025-02-09T09:12:55
391,John Smith,john.smith391@example.com,2025-09-09T01:11:31
392,Mia Smith,mia.smith392@example.com,2024-12-17T03:57:10
393,Olivia Davis,olivia.davis393@example.com,2024-12-23T15:29:07
394,Sophia Martinez,sophia.martinez394@example.com,2025-04-14T15:50:36
395,Olivia Brown,olivia.brown395@example.com,2025-03-10T02:46:45
396,Noah Miller,noah.miller396@example.com,2025-10-01T20:36:38
397,Lucas Martinez,lucas.martinez397@example.com,2025-03-22T11:44:17
398,Lucas Jones,lucas.jones398@example.com,2025-11-03T22:53:40
399,Ava Martinez,ava.martinez399@example.com,2025-10-30T06:38:36
400,Liam Jones,liam.jones400@example.com,2025-08-11T01:55:36
401,Olivia Jones,olivia.jones401@example.com,2025-06-13T02:33:17
402,Sarah Davis,sarah.davis402@example.com,2025-04-21T00:31:35
403,Emma Miller,emma.miller403@example.com,2025-02-27T22:32:42
404,Ethan Rodriguez,ethan.rodriguez404@example.com,2024-12-19T18:01:42
405,John Miller,john.miller405@example.com,2025-11-05T15:02:27
406,Sarah Davis,sarah.davis406@example.com,2025-10-18T19:31:30
407,Mia Miller,mia.miller407@example.com,2025-02-06T16:11:55
408,Isabella Miller,isabella.miller408@example.com,2025-07-02T02:43:47
409,Ava Smith,ava.smith409@example.com,2025-06-14T00:39:56
410,Mia Davis,mia.davis410@example.com,2024-12-08T17:44:55
411,John Miller,john.miller411@example.com,2025-10-03T22:03:52
412,Ava Martinez,ava.martinez412@example.com,2025-05-05T11:50:47
413,John Miller,john.miller413@example.com,2025-06-21T18:33:43
414,Liam Garcia,liam.garcia414@example.com,2025-09-02T04:08:32
415,Ethan Johnson,ethan.johnson415@example.com,2025-02-28T12:21:23
416,Liam Garcia,liam.garcia416@example.com,2025-05-31T07:25:24
417,Emma Brown,emma.brown417@example.com,2025-10-06T01:35:29
418,Olivia Brown,olivia.brown418@example.com,2025-08-30T08:59:26
419,Emma Johnson,emma.johnson419@example.com,2025-08-28T08:03:37
420,Sophia Davis,sophia.davis420@example.com,2025-02-11T09:49:31
421,Sophia Martinez,sophia.martinez421@example.com,2025-01-01T07:47:34
422,Mia Garcia,mia.garcia422@example.com,2025-01-09T19:24:47
423,Emma Davis,emma.davis423@example.com,2025-10-23T13:51:01
424,Sophia Jones,sophia.jones424@example.com,2025-07-09T09:23:25
425,Sarah Garcia,sarah.garcia425@example.com,2025-03-13T04:13:19
426,Olivia Davis,olivia.davis426@example.com,2025-04-10T05:33:14
427,Sarah Garcia,sarah.garcia427@example.com,2025-07-04T04:07:46
428,Lucas Johnson,lucas.johnson428@example.com,2025-01-16T09:17:36
429,Ethan Miller,ethan.miller429@example.com,2025-04-04T09:47:39
430,Ethan Smith,ethan.smith430@example.com,2025-04-10T10:06:35
431,Lucas Brown,lucas.brown431@example.com,2025-06-15T08:53:44
432,Sophia Rodriguez,sophia.rodriguez432@example.com,2025-09-11T04:40:14
433,Sophia Johnson,sophia.johnson433@example.com,2025-06-05T03:51:10
434,Ethan Williams,ethan.williams434@example.com,2025-11-06T21:54:11
435,Isabella Davis,isabella.davis435@example.com,2025-04-16T11:50:33
436,Ethan Martinez,ethan.martinez436@example.com,2025-09-06T17:40:27
437,Noah Jones,noah.jones437@example.com,2025-05-12T16:02:25
438,Noah Martinez,noah.martinez438@example.com,2025-10-31T07:57:12
439,Lucas Garcia,lucas.garcia439@example.com,2025-10-24T18:55:10
440,John Rodriguez,john.rodriguez440@example.com,2024-12-14T16:50:56
441,Olivia Jones,olivia.jones441@example.com,2024-12-25T08:58:46
442,Emma Garcia,emma.garcia442@example.com,2025-10-16T09:42:23
443,Lucas Williams,lucas.williams443@example.com,2025-05-31T19:37:41
444,Lucas Miller,lucas.miller444@example.com,2025-09-21T09:15:30
445,Isabella Johnson,isabella.johnson445@example.com,2025-06-21T10:34:24
446,Ava Garcia,ava.garcia446@example.com,2025-09-22T11:45:28
447,John Miller,john.miller447@example.com,2025-03-11T17:44:58
448,Sarah Garcia,sarah.garcia448@example.com,2025-06-22T00:21:36
449,Liam Garcia,liam.garcia449@example.com,2025-03-23T23:55:57
450,Liam Williams,liam.williams450@example.com,2025-09-09T04:06:49
451,Olivia Johnson,olivia.johnson451@example.com,2025-03-12T11:16:15
452,Isabella Rodriguez,isabella.rodriguez452@example.com,2025-11-07T18:39:43
453,Mia Williams,mia.williams453@example.com,2025-01-25T17:12:26
454,Emma Williams,emma.williams454@example.com,2025-08-26T08:10:38
455,Emma Davis,emma.davis455@example.com,2025-11-04T15:57:51
456,Noah Brown,noah.brown456@example.com,2025-04-13T08:41:32
457,Olivia Davis,olivia.davis457@example.com,2025-07-30T11:28:50
458,Liam Jones,liam.jones458@example.com,2025-03-31T23:51:33
459,Noah Martinez,noah.martinez459@example.com,2025-04-15T14:06:50
460,Olivia Miller,olivia.miller460@example.com,2025-03-14T11:43:08
461,Ava Williams,ava.williams461@example.com,2025-08-16T08:54:29
462,Emma Jones,emma.jones462@example.com,2025-10-31T07:34:43
463,Sophia Garcia,sophia.garcia463@example.com,2025-02-17T03:11:17
464,Isabella Rodriguez,isabella.rodriguez464@example.com,2025-09-24T20:32:40
465,John Williams,john.williams465@example.com,2025-07-10T14:33:50
466,Ethan Williams,ethan.williams466@example.com,2025-04-18T03:35:02
467,Liam Davis,liam.davis467@example.com,2025-06-02T05:57:08
468,Ava Smith,ava.smith468@example.com,2025-05-08T12:38:44
469,Noah Brown,noah.brown469@example.com,2025-05-14T03:57:07
470,Noah Brown,noah.brown470@example.com,2025-11-12T19:19:13
471,John Garcia,john.garcia471@example.com,2025-09-14T01:54:48
472,Sarah Jones,sarah.jones472@example.com,2025-03-31T01:52:12
473,Isabella Davis,isabella.davis473@example.com,2025-04-11T08:31:09
474,Sarah Johnson,sarah.johnson474@example.com,2025-11-17T21:36:19
475,Liam Williams,liam.williams475@example.com,2025-02-19T08:45:16
476,Ethan Miller,ethan.miller476@example.com,2025-10-01T20:26:01
477,Liam Jones,liam.jones477@example.com,2025-09-26T05:11:05
478,Liam Miller,liam.miller478@example.com,2025-01-03T08:14:50
479,Sophia Johnson,sophia.johnson479@example.com,2025-10-01T12:43:30
480,Mia Rodriguez,mia.rodriguez480@example.com,2025-11-18T07:54:52
481,Ethan Martinez,ethan.martinez481@example.com,2025-07-27T01:41:45
482,Olivia Miller,olivia.miller482@example.com,2025-11-26T08:32:19
483,Noah Brown,noah.brown483@example.com,2025-02-07T15:45:23
484,Emma Johnson,emma.johnson484@example.com,2025-03-03T17:47:38
485,John Rodriguez,john.rodriguez485@example.com,2025-02-21T12:27:07
486,Ethan Rodriguez,ethan.rodriguez486@example.com,2025-11-16T16:42:26
487,Sophia Smith,sophia.smith487@example.com,2025-01-05T16:50:14
488,Noah Jones,noah.jones488@example.com,2025-11-18T17:55:18
489,John Garcia,john.garcia489@example.com,2025-07-26T06:59:56
490,Lucas Johnson,lucas.johnson490@example.com,2025-02-02T18:49:00
491,Emma Smith,emma.smith491@example.com,2025-05-30T11:02:36
492,Noah Williams,noah.williams492@example.com,2024-12-11T14:00:24
493,Isabella Davis,isabella.davis493@example.com,2025-01-08T00:17:12
494,Emma Johnson,emma.johnson494@example.com,2025-04-07T05:34:36
495,Olivia Brown,olivia.brown495@example.com,2025-11-04T23:39:39
496,Sarah Garcia,sarah.garcia496@example.com,2025-06-21T12:09:31
497,Ava Rodriguez,ava.rodriguez497@example.com,2025-03-29T21:42:01
498,Sarah Brown,sarah.brown498@example.com,2025-07-03T17:55:34
499,Sarah Garcia,sarah.garcia499@example.com,2025-07-11T02:23:28
500,Noah Miller,noah.miller500@example.com,2025-05-06T14:54:46
501,Ava Garcia,ava.garcia501@example.com,2025-08-23T12:51:25
502,Isabella Davis,isabella.davis502@example.com,2025-05-22T12:01:01
503,Olivia Johnson,olivia.johnson503@example.com,2025-04-24T04:02:58
504,Ava Martinez,ava.martinez504@example.com,2025-08-26T11:03:47
505,Olivia Garcia,olivia.garcia505@example.com,2025-10-06T04:00:29
506,Noah Jones,noah.jones506@example.com,2025-06-23T14:41:16
507,Mia Miller,mia.miller507@example.com,2025-09-02T14:45:40
508,Noah Davis,noah.davis508@example.com,2025-11-05T18:05:13
509,Mia Miller,mia.miller509@example.com,2025-07-09T07:38:27
510,Sarah Johnson,sarah.johnson510@example.com,2024-12-18T07:42:43
511,Ava Garcia,ava.garcia511@example.com,2025-03-10T01:05:54
512,Sarah Williams,sarah.williams512@example.com,2025-01-19T14:58:11
513,Sarah Williams,sarah.williams513@example.com,2025-10-23T22:19:51
514,Lucas Garcia,lucas.garcia514@example.com,2025-05-25T16:59:02
515,Mia Smith,mia.smith515@example.com,2025-01-22T01:20:12
516,Lucas Davis,lucas.davis516@example.com,2025-05-21T17:22:43
517,Sophia Johnson,sophia.johnson517@example.com,2025-02-07T01:54:36
518,Ethan Garcia,ethan.garcia518@example.com,2025-05-07T19:28:36
519,Lucas Jones,lucas.jones519@example.com,2025-07-23T02:47:34
520,Sarah Williams,sarah.williams520@example.com,2025-03-16T12:04:22
521,Ava Rodriguez,ava.rodriguez521@example.com,2025-09-27T21:23:32
522,Olivia Davis,olivia.davis522@example.com,2025-08-09T08:38:44
523,Olivia Davis,olivia.davis523@example.com,2025-08-17T02:27:29
524,Emma Johnson,emma.johnson524@example.com,2025-04-10T00:38:13
525,Isabella Davis,isabella.davis525@example.com,2025-10-13T19:17:14
526,Lucas Garcia,lucas.garcia526@example.com,2024-11-29T04:33:32
527,Ethan Rodriguez,ethan.rodriguez527@example.com,2025-07-01T20:00:08
528,Emma Williams,emma.williams528@example.com,2025-05-25T12:24:00
529,Liam Johnson,liam.johnson529@example.com,2025-08-17T01:52:01
530,Liam Davis,liam.davis530@example.com,2025-11-13T17:47:00
531,Ethan Martinez,ethan.martinez531@example.com,2025-05-22T13:54:20
532,Ethan Williams,ethan.williams532@example.com,2025-01-18T03:47:03
533,John Jones,john.jones533@example.com,2025-05-07T13:29:44
534,Ethan Miller,ethan.miller534@example.com,2025-05-01T09:59:30
535,John Williams,john.williams535@example.com,2025-06-17T07:32:11
536,John Davis,john.davis536@example.com,2025-04-02T12:05:12
537,Noah Williams,noah.williams537@example.com,2025-02-17T07:37:44
538,Mia Williams,mia.williams538@example.com,2025-09-21T15:10:19
539,Ethan Smith,ethan.smith539@example.com,2025-09-24T12:03:35
540,Emma Jones,emma.jones540@example.com,2025-09-04T01:01:34
541,Noah Brown,noah.brown541@example.com,2025-06-02T12:01:51
542,Olivia Johnson,olivia.johnson542@example.com,2025-07-21T23:46:34
543,Lucas Rodriguez,lucas.rodriguez543@example.com,2025-07-10T02:21:57
544,Lucas Jones,lucas.jones544@example.com,2025-01-16T11:29:59
545,John Rodriguez,john.rodriguez545@example.com,2025-01-03T00:47:00
546,Mia Martinez,mia.martinez546@example.com,2025-09-10T00:41:24
547,Lucas Martinez,lucas.martinez547@example.com,2025-01-21T18:37:51
548,Mia Smith,mia.smith548@example.com,2025-11-13T03:57:57
549,Sarah Martinez,sarah.martinez549@example.com,2025-07-14T07:12:59
550,Liam Martinez,liam.martinez550@example.com,2025-04-27T08:25:07
551,Lucas Smith,lucas.smith551@example.com,2025-03-17T08:05:20
552,Ethan Jones,ethan.jones552@example.com,2025-01-02T19:55:27
553,Sophia Brown,sophia.brown553@example.com,2024-12-11T16:08:16
554,Olivia Davis,olivia.davis554@example.com,2025-10-21T04:44:31
555,Emma Davis,emma.davis555@example.com,2025-04-28T13:17:32
556,Sophia Brown,sophia.brown556@example.com,2025-06-05T08:50:07
557,Emma Garcia,emma.garcia557@example.com,2025-06-16T18:20:55
558,Ava Williams,ava.williams558@example.com,2025-05-21T12:10:24
559,Ethan Johnson,ethan.johnson559@example.com,2025-06-16T22:07:18
560,Sophia Johnson,sophia.johnson560@example.com,2025-07-13T14:33:14
561,Liam Williams,liam.williams561@example.com,2025-10-09T05:04:51
562,Olivia Miller,olivia.miller562@example.com,2025-01-15T15:41:58
563,Liam Williams,liam.williams563@example.com,2025-06-12T09:53:25
564,Isabella Garcia,isabella.garcia564@example.com,2025-08-22T01:07:18
565,Sophia Rodriguez,sophia.rodriguez565@example.com,2025-04-01T12:45:50
566,Olivia Davis,olivia.davis566@example.com,2025-11-16T03:38:41
567,Ava Rodriguez,ava.rodriguez567@example.com,2025-04-06T22:09:31
568,Liam Martinez,liam.martinez568@example.com,2025-05-31T05:09:06
569,Sarah Jones,sarah.jones569@example.com,2025-03-18T09:10:06
570,Lucas Davis,lucas.davis570@example.com,2025-07-03T11:22:58
571,Sarah Johnson,sarah.johnson571@example.com,2025-04-21T02:02:48
572,Olivia Garcia,olivia.garcia572@example.com,2025-05-04T17:35:59
573,Sarah Miller,sarah.miller573@example.com,2025-10-31T10:09:36
574,Ethan Brown,ethan.brown574@example.com,2025-05-25T10:46:51
575,Olivia Johnson,olivia.johnson575@example.com,2025-05-13T12:33:50
576,Sophia Rodriguez,sophia.rodriguez576@example.com,2025-07-06T08:13:54
577,Lucas Martinez,lucas.martinez577@example.com,2025-09-28T02:14:19
578,John Miller,john.miller578@example.com,2025-05-19T18:34:39
579,Ethan Garcia,ethan.garcia579@example.com,2025-09-14T23:40:33
580,Mia Rodriguez,mia.rodriguez580@example.com,2025-05-05T12:42:57
581,Sarah Smith,sarah.smith581@example.com,2025-11-08T01:56:02
582,Isabella Garcia,isabella.garcia582@example.com,2025-03-29T12:00:54
583,Sophia Williams,sophia.williams583@example.com,2025-01-20T12:09:15
584,Emma Garcia,emma.garcia584@example.com,2025-01-17T19:19:33
585,Emma Miller,emma.miller585@example.com,2025-01-15T20:01:42
586,Mia Garcia,mia.garcia586@example.com,2025-03-12T12:21:54
587,Ethan Davis,ethan.davis587@example.com,2024-11-29T10:25:40
588,Olivia Davis,olivia.davis588@example.com,2025-11-18T17:30:42
589,Noah Johnson,noah.johnson589@example.com,2025-04-27T09:40:16
590,Olivia Smith,olivia.smith590@example.com,2025-01-25T13:38:38
591,Olivia Martinez,olivia.martinez591@example.com,2025-02-04T22:38:19
592,Isabella Smith,isabella.smith592@example.com,2025-02-01T13:25:50
593,Emma Rodriguez,emma.rodriguez593@example.com,2025-01-08T08:21:33
594,Ava Williams,ava.williams594@example.com,2024-12-13T22:06:18
595,Sarah Martinez,sarah.martinez595@example.com,2024-12-04T02:55:19
596,Liam Smith,liam.smith596@example.com,2025-04-15T19:30:07
597,Ava Williams,ava.williams597@example.com,2025-04-29T23:29:59
598,Ava Rodriguez,ava.rodriguez598@example.com,2025-01-17T13:45:09
599,Isabella Smith,isabella.smith599@example.com,2024-12-01T01:53:45
600,Ethan Brown,ethan.brown600@example.com,2025-02-12T19:05:19
601,Lucas Davis,lucas.davis601@example.com,2025-03-02T17:12:12
602,Noah Williams,noah.williams602@example.com,2025-04-05T11:30:45
603,Noah Rodriguez,noah.rodriguez603@example.com,2025-05-29T07:30:04
604,Isabella Jones,isabella.jones604@example.com,2025-01-18T13:17:41
605,Liam Brown,liam.brown605@example.com,2025-07-07T10:36:14
606,Olivia Brown,olivia.brown606@example.com,2025-06-27T20:24:03
607,Isabella Brown,isabella.brown607@example.com,2024-12-08T13:07:09
608,Noah Davis,noah.davis608@example.com,2025-06-01T10:30:59
609,Isabella Jones,isabella.jones609@example.com,2025-07-03T02:29:09
610,Mia Rodriguez,mia.rodriguez610@example.com,2025-05-16T16:33:31
611,Noah Williams,noah.williams611@example.com,2025-07-02T05:23:30
612,Olivia Johnson,olivia.johnson612@example.com,2025-06-02T14:49:00
613,Lucas Jones,lucas.jones613@example.com,2025-03-26T23:07:56
614,Liam Rodriguez,liam.rodriguez614@example.com,2025-07-11T10:27:39
615,Isabella Jones,isabella.jones615@example.com,2025-09-18T02:56:47
616,Mia Martinez,mia.martinez616@example.com,2025-07-27T22:05:44
617,Sarah Rodriguez,sarah.rodriguez617@example.com,2025-08-03T07:41:47
618,Liam Smith,liam.smith618@example.com,2025-10-06T15:52:31
619,Noah Davis,noah.davis619@example.com,2025-10-07T01:55:05
620,Sarah Rodriguez,sarah.rodriguez620@example.com,2025-09-07T16:06:29
621,Lucas Davis,lucas.davis621@example.com,2025-03-27T07:14:16
622,Liam Jones,liam.jones622@example.com,2025-06-15T20:31:54
623,Lucas Smith,lucas.smith623@example.com,2025-10-12T07:10:25
624,Mia Brown,mia.brown624@example.com,2025-02-27T05:33:55
625,Emma Miller,emma.miller625@example.com,2025-08-29T05:36:00
626,Ava Davis,ava.davis626@example.com,2025-08-23T20:23:02
627,Sarah Smith,sarah.smith627@example.com,2025-06-27T10:14:40
628,Mia Johnson,mia.johnson628@example.com,2025-06-08T20:33:45
629,Sophia Rodriguez,sophia.rodriguez629@example.com,2025-03-03T12:56:25
630,Emma Rodriguez,emma.rodriguez630@example.com,2025-04-01T20:59:22
631,Liam Johnson,liam.johnson631@example.com,2025-06-11T01:00:25
632,Isabella Davis,isabella.davis632@example.com,2024-12-30T21:33:23
633,Isabella Williams,isabella.williams633@example.com,2025-11-19T18:38:58
634,Olivia Martinez,olivia.martinez634@example.com,2024-12-16T23:53:25
635,Emma Martinez,emma.martinez635@example.com,2025-01-03T16:09:35
636,Ava Rodriguez,ava.rodriguez636@example.com,2025-06-13T03:45:55
637,Ava Johnson,ava.johnson637@example.com,2025-08-25T01:48:13
638,Sophia Garcia,sophia.garcia638@example.com,2025-07-23T06:40:28
639,Olivia Miller,olivia.miller639@example.com,2025-07-29T14:39:29
640,Olivia Garcia,olivia.garcia640@example.com,2025-06-25T09:42:59
641,Isabella Martinez,isabella.martinez641@example.com,2025-11-21T21:24:01
642,Lucas Garcia,lucas.garcia642@example.com,2024-12-07T22:19:11
643,Sarah Johnson,sarah.johnson643@example.com,2025-04-02T19:45:10
644,Emma Miller,emma.miller644@example.com,2024-12-10T12:37:37
645,Isabella Jones,isabella.jones645@example.com,2024-12-09T02:38:54
646,Lucas Jones,lucas.jones646@example.com,2025-05-22T08:32:43
647,Liam Brown,liam.brown647@example.com,2025-09-19T13:30:47
648,Emma Davis,emma.davis648@example.com,2025-01-20T17:19:12
649,Ava Rodriguez,ava.rodriguez649@example.com,2025-03-30T11:21:10
650,Lucas Brown,lucas.brown650@example.com,2025-07-23T09:13:49
651,John Rodriguez,john.rodriguez651@example.com,2025-04-12T11:41:35
652,Isabella Garcia,isabella.garcia652@example.com,2025-10-18T10:22:57
653,John Smith,john.smith653@example.com,2025-02-19T12:31:08
654,Liam Martinez,liam.martinez654@example.com,2025-02-26T01:28:02
655,Emma Garcia,emma.garcia655@example.com,2025-03-05T14:50:11
656,John Brown,john.brown656@example.com,2025-02-01T13:07:32
657,John Rodriguez,john.rodriguez657@example.com,2025-04-13T04:53:51
658,Sophia Williams,sophia.williams658@example.com,2025-03-09T15:47:53
659,Sophia Martinez,sophia.martinez659@example.com,2025-10-28T10:34:41
660,Sophia Jones,sophia.jones660@example.com,2025-11-15T16:30:26
661,Olivia Smith,olivia.smith661@example.com,2025-08-07T09:52:03
662,John Smith,john.smith662@example.com,2025-04-24T18:22:45
663,Isabella Johnson,isabella.johnson663@example.com,2025-02-23T04:43:46
664,John Davis,john.davis664@example.com,2025-11-10T20:28:14
665,Ava Williams,ava.williams665@example.com,2025-09-18T07:33:58
666,Isabella Miller,isabella.miller666@example.com,2025-05-19T16:59:51
667,Sophia Miller,sophia.miller667@example.com,2025-05-19T04:00:05
668,Lucas Rodriguez,lucas.rodriguez668@example.com,2025-09-19T07:07:43
669,Noah Johnson,noah.johnson669@example.com,2025-08-27T11:21:44
670,Ava Rodriguez,ava.rodriguez670@example.com,2025-09-22T22:48:55
671,Sarah Smith,sarah.smith671@example.com,2025-06-27T14:03:57
672,Lucas Rodriguez,lucas.rodriguez672@example.com,2025-04-23T11:33:22
673,Ava Brown,ava.brown673@example.com,2025-07-23T14:09:08
674,Noah Williams,noah.williams674@example.com,2025-07-09T00:03:39
675,Isabella Johnson,isabella.johnson675@example.com,2025-11-10T15:39:33
676,Mia Smith,mia.smith676@example.com,2025-07-26T23:25:12
677,John Johnson,john.johnson677@example.com,2025-01-27T05:42:03
678,Sophia Martinez,sophia.martinez678@example.com,2024-12-18T05:09:03
679,Liam Smith,liam.smith679@example.com,2025-05-05T14:56:28
680,Liam Rodriguez,liam.rodriguez680@example.com,2025-08-08T04:52:05
681,Emma Rodriguez,emma.rodriguez681@example.com,2025-07-01T22:23:51
682,Isabella Martinez,isabella.martinez682@example.com,2025-06-16T09:53:53
683,Mia Garcia,mia.garcia683@example.com,2025-07-28T19:56:11
684,Emma Rodriguez,emma.rodriguez684@example.com,2025-08-05T15:51:57
685,Olivia Jones,olivia.jones685@example.com,2025-10-26T10:39:13
686,Mia Williams,mia.williams686@example.com,2025-01-10T15:22:09
687,Ethan Davis,ethan.davis687@example.com,2025-11-02T18:23:00
688,Lucas Miller,lucas.miller688@example.com,2025-03-03T19:19:06
689,Isabella Miller,isabella.miller689@example.com,2025-05-02T01:29:25
690,Olivia Miller,olivia.miller690@example.com,2025-08-24T11:20:16
691,Sophia Brown,sophia.brown691@example.com,2025-08-03T19:58:25
692,Isabella Williams,isabella.williams692@example.com,2025-04-04T04:49:31
693,Ethan Miller,ethan.miller693@example.com,2025-04-27T10:37:59
694,Ethan Williams,ethan.williams694@example.com,2025-05-12T22:04:52
695,Olivia Brown,olivia.brown695@example.com,2025-06-10T07:22:38
696,John Davis,john.davis696@example.com,2025-05-22T03:33:24
697,Ethan Brown,ethan.brown697@example.com,2025-10-31T21:08:56
698,Ava Martinez,ava.martinez698@example.com,2025-01-23T05:29:00
699,John Brown,john.brown699@example.com,2025-01-30T10:34:34
700,Liam Davis,liam.davis700@example.com,2025-08-12T18:48:01
701,Olivia Smith,olivia.smith701@example.com,2025-08-11T00:00:17
702,Isabella Johnson,isabella.johnson702@example.com,2025-03-26T22:05:26
703,Isabella Martinez,isabella.martinez703@example.com,2024-12-01T23:28:38
704,Ava Brown,ava.brown704@example.com,2025-02-17T19:12:49
705,Olivia Miller,olivia.miller705@example.com,2025-04-02T11:29:37
706,Lucas Garcia,lucas.garcia706@example.com,2025-06-22T21:24:00
707,Noah Rodriguez,noah.rodriguez707@example.com,2025-03-17T13:57:23
708,John Davis,john.davis708@example.com,2025-06-16T23:31:39
709,Noah Garcia,noah.garcia709@example.com,2025-04-30T05:15:31
710,Mia Brown,mia.brown710@example.com,2025-09-14T06:19:58
711,Olivia Rodriguez,olivia.rodriguez711@example.com,2025-01-31T09:50:14
712,Isabella Miller,isabella.miller712@example.com,2025-06-29T01:22:27
713,Liam Garcia,liam.garcia713@example.com,2025-08-01T17:05:37
714,Mia Brown,mia.brown714@example.com,2025-03-16T10:52:30
715,Lucas Garcia,lucas.garcia715@example.com,2025-07-18T13:07:59
716,Isabella Davis,isabella.davis716@example.com,2025-04-06T00:47:53
717,Isabella Garcia,isabella.garcia717@example.com,2025-09-02T01:49:39
718,Isabella Rodriguez,isabella.rodriguez718@example.com,2025-03-22T00:13:20
719,Ethan Smith,ethan.smith719@example.com,2025-03-04T05:41:30
720,John Smith,john.smith720@example.com,2025-11-23T15:54:30
721,Emma Brown,emma.brown721@example.com,2025-10-24T01:25:28
722,Sarah Brown,sarah.brown722@example.com,2025-03-13T14:19:13
723,Noah Smith,noah.smith723@example.com,2025-01-14T07:42:15
724,Lucas Martinez,lucas.martinez724@example.com,2025-03-24T13:09:39
725,Sarah Smith,sarah.smith725@example.com,2025-02-27T10:50:18
726,Ava Smith,ava.smith726@example.com,2025-11-18T11:38:52
727,Isabella Jones,isabella.jones727@example.com,2025-02-25T20:29:07
728,Sarah Rodriguez,sarah.rodriguez728@example.com,2024-12-04T15:14:47
729,Emma Johnson,emma.johnson729@example.com,2025-10-08T11:49:51
730,Emma Brown,emma.brown730@example.com,2025-08-20T08:21:28
731,Ethan Jones,ethan.jones731@example.com,2025-05-29T21:11:25
732,Ava Johnson,ava.johnson732@example.com,2025-05-19T16:08:25
733,Sophia Martinez,sophia.martinez733@example.com,2025-07-25T22:42:00
734,Olivia Johnson,olivia.johnson734@example.com,2024-12-27T07:15:41
735,Sarah Johnson,sarah.johnson735@example.com,2025-05-03T17:06:53
736,Ava Rodriguez,ava.rodriguez736@example.com,2025-03-29T04:52:48
737,Lucas Smith,lucas.smith737@example.com,2024-12-03T00:41:00
738,John Davis,john.davis738@example.com,2025-04-18T07:26:34
739,Noah Martinez,noah.martinez739@example.com,2025-10-09T11:41:37
740,Sarah Brown,sarah.brown740@example.com,2025-08-10T10:17:14
741,Sophia Jones,sophia.jones741@example.com,2025-11-04T04:12:59
742,Lucas Jones,lucas.jones742@example.com,2025-02-21T10:24:23
743,Lucas Smith,lucas.smith743@example.com,2025-08-27T19:28:23
744,Sarah Brown,sarah.brown744@example.com,2025-01-31T01:40:24
745,Isabella Miller,isabella.miller745@example.com,2025-10-18T20:01:37
746,Emma Martinez,emma.martinez746@example.com,2025-07-26T10:17:26
747,Ava Rodriguez,ava.rodriguez747@example.com,2025-06-10T16:56:52
748,Isabella Williams,isabella.williams748@example.com,2024-12-10T04:04:04
749,Ethan Garcia,ethan.garcia749@example.com,2025-10-31T03:22:00
750,Ava Brown,ava.brown750@example.com,2025-10-19T18:31:21
751,Mia Martinez,mia.martinez751@example.com,2025-01-26T16:28:47
752,Noah Smith,noah.smith752@example.com,2025-01-06T20:58:18
753,Sophia Davis,sophia.davis753@example.com,2025-08-02T17:58:07
754,Ethan Miller,ethan.miller754@example.com,2025-04-20T00:09:38
755,Lucas Martinez,lucas.martinez755@example.com,2024-12-23T17:05:07
756,John Martinez,john.martinez756@example.com,2025-06-28T21:57:01
757,Isabella Johnson,isabella.johnson757@example.com,2025-10-15T21:10:00
758,Emma Miller,emma.miller758@example.com,2024-11-27T07:50:37
759,Emma Miller,emma.miller759@example.com,2025-06-17T17:47:26
760,John Johnson,john.johnson760@example.com,2025-11-24T19:41:58
761,Sophia Garcia,sophia.garcia761@example.com,2025-07-12T03:12:04
762,Emma Johnson,emma.johnson762@example.com,2025-08-23T15:13:54
763,Sophia Rodriguez,sophia.rodriguez763@example.com,2025-02-15T12:15:57
764,Ava Johnson,ava.johnson764@example.com,2025-11-14T03:39:37
765,Noah Rodriguez,noah.rodriguez765@example.com,2025-10-10T09:11:23
766,Mia Garcia,mia.garcia766@example.com,2025-05-14T06:28:26
767,Olivia Miller,olivia.miller767@example.com,2025-05-13T03:50:22
768,Isabella Rodriguez,isabella.rodriguez768@example.com,2025-07-25T10:05:56
769,Ethan Williams,ethan.williams769@example.com,2024-12-11T17:03:40
770,Emma Williams,emma.williams770@example.com,2025-07-12T19:57:34
771,Olivia Davis,olivia.davis771@example.com,2025-09-14T04:37:11
772,Emma Miller,emma.miller772@example.com,2025-07-08T15:35:29
773,Olivia Davis,olivia.davis773@example.com,2025-10-18T17:46:30
774,Olivia Brown,olivia.brown774@example.com,2025-01-10T12:52:18
775,Mia Martinez,mia.martinez775@example.com,2025-08-18T14:15:11
776,John Williams,john.williams776@example.com,2025-06-25T06:40:36
777,Ava Garcia,ava.garcia777@example.com,2025-01-13T17:05:31
778,Noah Davis,noah.davis778@example.com,2025-06-08T15:14:42
779,Lucas Martinez,lucas.martinez779@example.com,2025-09-18T19:59:05
780,Noah Martinez,noah.martinez780@example.com,2024-12-06T23:36:37
781,Sophia Garcia,sophia.garcia781@example.com,2025-08-28T16:25:25
782,Noah Jones,noah.jones782@example.com,2024-12-06T07:52:48
783,Sophia Martinez,sophia.martinez783@example.com,2025-07-25T19:03:29
784,Ava Jones,ava.jones784@example.com,2025-05-09T17:38:00
785,John Martinez,john.martinez785@example.com,2025-08-16T09:21:39
786,Ethan Williams,ethan.williams786@example.com,2024-12-12T10:53:41
787,Sarah Davis,sarah.davis787@example.com,2024-11-29T23:17:24
788,Sophia Jones,sophia.jones788@example.com,2024-12-08T04:24:19
789,Ava Davis,ava.davis789@example.com,2025-09-16T07:51:51
790,Olivia Brown,olivia.brown790@example.com,2025-07-20T06:56:31
791,Emma Miller,emma.miller791@example.com,2025-05-18T04:13:49
792,Sophia Martinez,sophia.martinez792@example.com,2025-03-26T09:43:28
793,Ava Rodriguez,ava.rodriguez793@example.com,2025-03-12T15:41:36
794,Ethan Smith,ethan.smith794@example.com,2025-05-26T11:22:30
795,Mia Johnson,mia.johnson795@example.com,2025-10-02T21:53:07
796,Lucas Garcia,lucas.garcia796@example.com,2025-09-02T07:22:00
797,Mia Smith,mia.smith797@example.com,2025-02-11T07:26:18
798,Lucas Miller,lucas.miller798@example.com,2025-06-10T15:15:03
799,John Smith,john.smith799@example.com,2025-10-07T21:30:10
800,Liam Rodriguez,liam.rodriguez800@example.com,2025-03-06T10:36:26
801,Mia Martinez,mia.martinez801@example.com,2025-08-05T14:41:34
802,Noah Miller,noah.miller802@example.com,2025-04-03T09:29:36
803,Isabella Rodriguez,isabella.rodriguez803@example.com,2025-09-10T18:21:48
804,Sarah Davis,sarah.davis804@example.com,2025-10-04T20:10:01
805,Ava Johnson,ava.johnson805@example.com,2025-09-29T01:45:54
806,Noah Jones,noah.jones806@example.com,2025-06-04T14:20:42
807,Liam Rodriguez,liam.rodriguez807@example.com,2025-03-24T18:14:31
808,Sophia Johnson,sophia.johnson808@example.com,2025-04-16T14:27:00
809,Noah Johnson,noah.johnson809@example.com,2025-06-27T05:17:47
810,Isabella Johnson,isabella.johnson810@example.com,2025-11-15T18:25:56
811,Lucas Johnson,lucas.johnson811@example.com,2024-12-16T00:56:21
812,Isabella Brown,isabella.brown812@example.com,2025-03-08T00:34:18
813,Ethan Williams,ethan.williams813@example.com,2025-06-10T10:32:23
814,Ava Davis,ava.davis814@example.com,2025-07-31T16:10:33
815,Lucas Williams,lucas.williams815@example.com,2025-08-23T07:36:15
816,Lucas Miller,lucas.miller816@example.com,2025-05-09T05:51:37
817,Isabella Martinez,isabella.martinez817@example.com,2025-08-17T14:33:17
818,Mia Miller,mia.miller818@example.com,2025-05-12T06:45:40
819,Isabella Brown,isabella.brown819@example.com,2025-08-13T20:47:20
820,Isabella Johnson,isabella.johnson820@example.com,2025-02-05T03:13:07
821,Ethan Williams,ethan.williams821@example.com,2025-05-23T19:03:16
822,Liam Davis,liam.davis822@example.com,2025-09-29T21:22:16
823,Lucas Davis,lucas.davis823@example.com,2025-03-01T07:39:14
824,Noah Martinez,noah.martinez824@example.com,2025-05-12T08:39:58
825,Ava Martinez,ava.martinez825@example.com,2025-09-29T18:15:20
826,Noah Davis,noah.davis826@example.com,2025-01-15T00:38:30
827,Lucas Jones,lucas.jones827@example.com,2025-01-16T09:26:09
828,John Williams,john.williams828@example.com,2025-06-20T02:37:55
829,Liam Jones,liam.jones829@example.com,2025-09-29T00:15:31
830,Noah Williams,noah.williams830@example.com,2025-03-10T16:46:47
831,Ava Martinez,ava.martinez831@example.com,2025-09-17T09:59:43
832,Ava Miller,ava.miller832@example.com,2025-08-23T13:12:15
833,Lucas Rodriguez,lucas.rodriguez833@example.com,2024-12-06T07:25:48
834,Emma Rodriguez,emma.rodriguez834@example.com,2025-09-02T13:05:45
835,Olivia Williams,olivia.williams835@example.com,2025-08-23T19:28:11
836,Sophia Martinez,sophia.martinez836@example.com,2025-10-30T17:51:04
837,Sarah Davis,sarah.davis837@example.com,2025-09-18T23:49:08
838,Ava Rodriguez,ava.rodriguez838@example.com,2025-03-13T07:08:44
839,Sophia Miller,sophia.miller839@example.com,2024-12-11T13:01:12
840,Ava Davis,ava.davis840@example.com,2025-03-22T00:50:01
841,John Martinez,john.martinez841@example.com,2025-11-11T22:53:38
842,Olivia Smith,olivia.smith842@example.com,2025-07-09T22:44:13
843,Ethan Jones,ethan.jones843@example.com,2025-09-01T14:16:21
844,Mia Davis,mia.davis844@example.com,2025-02-18T12:19:31
845,John Martinez,john.martinez845@example.com,2025-09-29T21:10:11
846,Ethan Garcia,ethan.garcia846@example.com,2025-02-23T05:24:30
847,Isabella Davis,isabella.davis847@example.com,2025-02-20T22:57:59
848,Ava Johnson,ava.johnson848@example.com,2024-12-27T21:54:39
849,Olivia Smith,olivia.smith849@example.com,2025-04-10T21:21:16
850,Noah Johnson,noah.johnson850@example.com,2025-04-17T02:38:57
851,Liam Brown,liam.brown851@example.com,2025-01-29T18:09:26
852,Isabella Martinez,isabella.martinez852@example.com,2025-01-07T15:20:03
853,Emma Martinez,emma.martinez853@example.com,2025-09-16T23:24:01
854,Liam Smith,liam.smith854@example.com,2025-02-08T18:09:01
855,Ethan Jones,ethan.jones855@example.com,2025-01-25T11:18:26
856,Emma Garcia,emma.garcia856@example.com,2024-12-01T20:16:07
857,Olivia Martinez,olivia.martinez857@example.com,2025-07-13T12:11:38
858,Lucas Johnson,lucas.johnson858@example.com,2025-09-18T15:56:15
859,Sarah Jones,sarah.jones859@example.com,2024-12-27T02:18:12
860,Isabella Williams,isabella.williams860@example.com,2025-07-23T01:35:55
861,Isabella Garcia,isabella.garcia861@example.com,2025-07-23T16:37:31
862,Sophia Williams,sophia.williams862@example.com,2025-02-04T07:53:53
863,Olivia Miller,olivia.miller863@example.com,2025-05-18T14:28:00
864,John Johnson,john.johnson864@example.com,2025-05-04T12:09:01
865,Isabella Jones,isabella.jones865@example.com,2024-12-06T17:29:09
866,Sophia Davis,sophia.davis866@example.com,2025-06-12T09:44:05
867,Sarah Johnson,sarah.johnson867@example.com,2025-04-06T07:48:34
868,Lucas Garcia,lucas.garcia868@example.com,2025-10-25T11:27:55
869,Ava Brown,ava.brown869@example.com,2025-04-21T23:12:36
870,Sophia Jones,sophia.jones870@example.com,2025-06-14T20:35:52
871,Noah Rodriguez,noah.rodriguez871@example.com,2025-02-05T02:10:06
872,Mia Davis,mia.davis872@example.com,2025-06-05T05:09:38
873,Sarah Johnson,sarah.johnson873@example.com,2025-01-10T14:11:25
874,Sarah Johnson,sarah.johnson874@example.com,2025-09-07T14:51:23
875,Sophia Smith,sophia.smith875@example.com,2025-04-21T23:33:25
876,Isabella Williams,isabella.williams876@example.com,2024-12-29T19:55:57
877,Emma Jones,emma.jones877@example.com,2025-10-10T07:05:25
878,Noah Jones,noah.jones878@example.com,2025-10-15T17:23:05
879,Lucas Williams,lucas.williams879@example.com,2025-10-31T16:29:34
880,Lucas Jones,lucas.jones880@example.com,2024-12-03T22:23:54
881,Ava Johnson,ava.johnson881@example.com,2024-12-02T03:27:28
882,Sarah Brown,sarah.brown882@example.com,2025-03-28T04:05:08
883,Emma Martinez,emma.martinez883@example.com,2025-08-03T12:00:39
884,Lucas Davis,lucas.davis884@example.com,2025-11-23T06:37:47
885,Isabella Garcia,isabella.garcia885@example.com,2025-09-26T15:32:50
886,Isabella Williams,isabella.williams886@example.com,2025-03-28T04:20:40
887,Liam Miller,liam.miller887@example.com,2025-10-13T03:11:38
888,John Garcia,john.garcia888@example.com,2025-05-22T20:01:40
889,Emma Miller,emma.miller889@example.com,2025-09-19T07:33:51
890,Lucas Williams,lucas.williams890@example.com,2025-10-22T11:36:29
891,Mia Smith,mia.smith891@example.com,2025-01-18T07:15:24
892,Emma Davis,emma.davis892@example.com,2025-05-31T23:09:58
893,Lucas Williams,lucas.williams893@example.com,2025-04-30T08:29:33
894,Lucas Davis,lucas.davis894@example.com,2025-08-08T03:46:01
895,John Williams,john.williams895@example.com,2025-09-24T09:27:27
896,Isabella Miller,isabella.miller896@example.com,2025-05-31T15:17:23
897,Noah Williams,noah.williams897@example.com,2025-07-23T20:50:21
898,Lucas Johnson,lucas.johnson898@example.com,2025-07-22T10:46:29
899,Mia Martinez,mia.martinez899@example.com,2025-01-19T20:32:58
900,Isabella Smith,isabella.smith900@example.com,2024-12-24T19:56:26
901,Liam Rodriguez,liam.rodriguez901@example.com,2025-01-20T12:22:19
902,Liam Miller,liam.miller902@example.com,2025-06-28T07:23:49
903,Sarah Brown,sarah.brown903@example.com,2025-03-18T16:52:25
904,John Brown,john.brown904@example.com,2025-03-16T07:41:29
905,Mia Johnson,mia.johnson905@example.com,2025-03-02T06:29:02
906,Noah Garcia,noah.garcia906@example.com,2025-09-20T16:50:20
907,Mia Miller,mia.miller907@example.com,2025-05-23T11:01:51
908,Lucas Williams,lucas.williams908@example.com,2025-03-31T04:15:56
909,Sarah Martinez,sarah.martinez909@example.com,2025-10-24T06:25:16
910,Olivia Brown,olivia.brown910@example.com,2025-11-07T04:43:18
911,Ava Rodriguez,ava.rodriguez911@example.com,2025-07-03T08:02:15
912,Isabella Rodriguez,isabella.rodriguez912@example.com,2025-04-28T15:30:05
913,Isabella Miller,isabella.miller913@example.com,2025-10-15T07:36:07
914,Ethan Rodriguez,ethan.rodriguez914@example.com,2025-01-16T01:21:51
915,Olivia Johnson,olivia.johnson915@example.com,2025-06-22T04:02:46
916,Ethan Brown,ethan.brown916@example.com,2025-09-08T11:23:38
917,Noah Miller,noah.miller917@example.com,2025-01-30T07:49:45
918,Lucas Johnson,lucas.johnson918@example.com,2025-06-21T14:59:41
919,Isabella Brown,isabella.brown919@example.com,2025-10-28T22:01:19
920,John Miller,john.miller920@example.com,2025-09-28T14:24:59
921,Mia Martinez,mia.martinez921@example.com,2025-10-29T19:39:44
922,Lucas Williams,lucas.williams922@example.com,2025-09-27T06:27:43
923,Isabella Williams,isabella.williams923@example.com,2024-12-03T06:30:36
924,Emma Davis,emma.davis924@example.com,2025-06-02T11:52:52
925,Ethan Jones,ethan.jones925@example.com,2025-09-02T17:23:02
926,Emma Jones,emma.jones926@example.com,2025-09-28T05:51:16
927,Noah Miller,noah.miller927@example.com,2025-07-10T11:51:01
928,John Jones,john.jones928@example.com,2024-11-27T09:55:41
929,Lucas Johnson,lucas.johnson929@example.com,2025-03-17T14:21:00
930,Ethan Garcia,ethan.garcia930@example.com,2025-10-29T12:43:59
931,Mia Williams,mia.williams931@example.com,2025-05-23T01:11:45
932,Olivia Johnson,olivia.johnson932@example.com,2025-02-07T02:43:26
933,Liam Rodriguez,liam.rodriguez933@example.com,2025-11-26T05:19:11
934,Sarah Brown,sarah.brown934@example.com,2025-11-03T13:44:48
935,Noah Miller,noah.miller935@example.com,2025-09-12T00:24:27
936,Sarah Rodriguez,sarah.rodriguez936@example.com,2024-11-26T07:02:59
937,Ava Brown,ava.brown937@example.com,2025-06-15T21:53:03
938,Ava Garcia,ava.garcia938@example.com,2025-07-12T04:05:15
939,Mia Garcia,mia.garcia939@example.com,2025-09-26T12:38:40
940,Lucas Smith,lucas.smith940@example.com,2025-08-27T22:47:50
941,Ethan Smith,ethan.smith941@example.com,2025-05-06T04:24:49
942,Sophia Jones,sophia.jones942@example.com,2025-06-20T19:00:24
943,John Rodriguez,john.rodriguez943@example.com,2025-04-08T06:37:59
944,Noah Brown,noah.brown944@example.com,2025-06-30T10:23:44
945,Olivia Martinez,olivia.martinez945@example.com,2025-07-25T14:01:56
946,Noah Martinez,noah.martinez946@example.com,2025-03-19T23:48:29
947,Isabella Rodriguez,isabella.rodriguez947@example.com,2025-07-25T01:26:28
948,Sarah Miller,sarah.miller948@example.com,2025-11-14T22:26:24
949,Ethan Garcia,ethan.garcia949@example.com,2025-01-06T06:34:26
950,Noah Smith,noah.smith950@example.com,2024-12-25T17:13:24
951,Isabella Jones,isabella.jones951@example.com,2025-10-04T23:27:08
952,Ethan Brown,ethan.brown952@example.com,2025-04-26T13:00:32
953,Sarah Williams,sarah.williams953@example.com,2024-11-27T20:44:06
954,John Smith,john.smith954@example.com,2025-07-31T11:59:58
955,Ava Garcia,ava.garcia955@example.com,2025-04-07T03:49:55
956,Mia Johnson,mia.johnson956@example.com,2025-03-14T02:03:44
957,Lucas Miller,lucas.miller957@example.com,2025-10-19T09:22:23
958,Mia Smith,mia.smith958@example.com,2025-04-19T02:09:51
959,Liam Jones,liam.jones959@example.com,2025-07-16T19:27:15
960,Ava Garcia,ava.garcia960@example.com,2025-06-17T14:26:20
961,Olivia Brown,olivia.brown961@example.com,2025-10-19T23:32:34
962,Emma Martinez,emma.martinez962@example.com,2025-10-03T01:15:54
963,John Williams,john.williams963@example.com,2025-04-10T13:57:17
964,Noah Miller,noah.miller964@example.com,2025-09-26T11:24:39
965,Noah Brown,noah.brown965@example.com,2025-04-09T19:41:53
966,Sophia Jones,sophia.jones966@example.com,2025-09-27T03:37:52
967,Emma Jones,emma.jones967@example.com,2024-12-01T08:57:27
968,Sarah Brown,sarah.brown968@example.com,2025-06-13T01:31:22
969,John Brown,john.brown969@example.com,2025-05-28T16:29:47
970,Ethan Smith,ethan.smith970@example.com,2024-12-15T20:02:34
971,Olivia Williams,olivia.williams971@example.com,2025-11-11T16:11:59
972,Sophia Rodriguez,sophia.rodriguez972@example.com,2025-02-18T21:49:35
973,John Davis,john.davis973@example.com,2025-10-06T01:50:01
974,John Smith,john.smith974@example.com,2025-10-26T22:49:48
975,Emma Brown,emma.brown975@example.com,2025-05-05T17:22:13
976,Lucas Johnson,lucas.johnson976@example.com,2025-02-01T09:35:00
977,Olivia Johnson,olivia.johnson977@example.com,2025-11-16T04:34:33
978,Liam Davis,liam.davis978@example.com,2025-09-23T03:34:28
979,Noah Johnson,noah.johnson979@example.com,2025-11-05T14:08:20
980,Sarah Williams,sarah.williams980@example.com,2025-02-06T15:09:09
981,Isabella Miller,isabella.miller981@example.com,2025-03-18T05:50:59
982,Ava Miller,ava.miller982@example.com,2025-08-30T18:02:11
983,Liam Williams,liam.williams983@example.com,2025-07-09T20:44:02
984,Sophia Williams,sophia.williams984@example.com,2025-11-09T08:33:51
985,Mia Martinez,mia.martinez985@example.com,2025-07-24T07:21:23
986,Olivia Davis,olivia.davis986@example.com,2025-04-30T10:52:24
987,Sophia Smith,sophia.smith987@example.com,2025-10-13T20:44:13
988,Ava Williams,ava.williams988@example.com,2025-04-26T23:39:40
989,Lucas Rodriguez,lucas.rodriguez989@example.com,2025-07-22T07:57:29
990,Ethan Smith,ethan.smith990@example.com,2025-05-15T17:50:54
991,Sophia Rodriguez,sophia.rodriguez991@example.com,2025-03-23T18:23:50
992,Mia Rodriguez,mia.rodriguez992@example.com,2025-06-15T16:46:58
993,Olivia Williams,olivia.williams993@example.com,2025-11-13T19:18:48
994,Mia Brown,mia.brown994@example.com,2025-11-11T20:41:41
995,Sarah Davis,sarah.davis995@example.com,2025-02-28T17:54:34
996,Mia Brown,mia.brown996@example.com,2025-09-07T03:16:39
997,Liam Brown,liam.brown997@example.com,2025-07-13T11:29:32
998,Isabella Smith,isabella.smith998@example.com,2025-08-06T09:57:46
999,Ava Garcia,ava.garcia999@example.com,2025-08-31T00:30:42
1000,Liam Martinez,liam.martinez1000@example.com,2025-06-17T17:51:37
